{
    "epoch": [
        1,
        2
    ],
    "train_loss": [
        0.10445986464619636,
        0.10493314862251282
    ],
    "train_acc": [
        0.08819916024804116,
        0.08818159177899361
    ],
    "val_loss": [
        0.11203872784972191,
        0.10842391103506088
    ],
    "val_acc": [
        0.8882953971624374,
        0.8915980495512486
    ],
    "test_loss": [
        0.11349468305706978,
        0.11694464460015297
    ],
    "test_acc": [
        0.0,
        0.0
    ],
    "learning_rates": [
        0.001,
        0.001
    ],
    "model_checkpoints": [],
    "time_per_epoch": [
        5.464368104934692,
        3.4610707759857178
    ]
}