{
    "epoch": [
        1,
        2,
        3
    ],
    "train_loss": [
        270.0015048980713,
        143.35277252197267,
        57.81919687539339
    ],
    "train_acc": [
        0.32,
        0.36,
        0.32
    ],
    "val_loss": [
        16.293083384633064,
        56.21426582336426,
        27.38677978515625
    ],
    "val_acc": [
        0.6,
        0.3,
        0.2
    ],
    "test_loss": [
        12.578631401062012,
        42.70209312438965,
        28.335954666137695
    ],
    "test_acc": [
        0.4,
        0.4,
        0.2
    ],
    "learning_rates": [
        0.001,
        0.001,
        0.001
    ],
    "model_checkpoints": [],
    "time_per_epoch": [
        57.32963037490845,
        57.12297177314758,
        56.10238075256348
    ]
}