{
    "epoch": [
        1,
        2,
        3
    ],
    "train_loss": [
        371.15329748392105,
        119.17604118585587,
        113.09077224731445
    ],
    "train_acc": [
        0.36,
        0.4,
        0.28
    ],
    "val_loss": [
        27.753939867019653,
        56.68568134307861,
        17.317915439605713
    ],
    "val_acc": [
        0.5,
        0.4,
        0.7
    ],
    "test_loss": [
        28.603500366210938,
        56.36153221130371,
        17.412480649072677
    ],
    "test_acc": [
        0.6,
        0.4,
        0.6
    ],
    "learning_rates": [
        0.001,
        0.001,
        0.001
    ],
    "model_checkpoints": [],
    "time_per_epoch": [
        3.594904899597168,
        2.5309500694274902,
        2.531489133834839
    ]
}